instance_name,p_x,p_y,p_z,n_x,n_y,n_z
slider_drawer_0,,,,-0.7717385292053223,0.00950419157743454,0.0033442035783082247
